id;executed_at;success;response_time_ms;response_size_bytes;response_status_code;response_content_type;response_server;response_cache_status;dns_lookup_ms;tcp_connect_ms;tls_handshake_ms;time_to_first_byte_ms;warning_threshold_ms;critical_threshold_ms;error_type;error_message;raw_request_headers;raw_response_headers;raw_response_body
1;2025-10-25T13:42:29;false;15376;8138;11279;after;um;reel woot fabricate;31047;27449;19407;23469;31580;10801;wound until;../fake-data/blob/hipster.txt;../fake-data/blob/hipster.txt;../fake-data/blob/hipster.txt;../fake-data/blob/hipster.txt
2;2025-10-25T01:19:00;true;25769;23187;12149;including;softly barring rue;revitalise;10089;20495;17183;7950;25298;7193;owlishly;../fake-data/blob/hipster.txt;../fake-data/blob/hipster.txt;../fake-data/blob/hipster.txt;../fake-data/blob/hipster.txt
3;2025-10-24T23:19:45;false;22769;26101;17297;past raw sweetly;soggy;covenant;7892;22524;4024;14432;32151;20949;alongside;../fake-data/blob/hipster.txt;../fake-data/blob/hipster.txt;../fake-data/blob/hipster.txt;../fake-data/blob/hipster.txt
4;2025-10-25T06:31:35;true;10610;31928;1596;including silk darn;fiercely a capitalize;after detective supposing;30758;4105;23158;32063;21616;21766;above;../fake-data/blob/hipster.txt;../fake-data/blob/hipster.txt;../fake-data/blob/hipster.txt;../fake-data/blob/hipster.txt
5;2025-10-25T07:53:17;true;22000;25906;8836;boss;spew brook huddle;broadly apud tired;2356;5851;20871;8629;31589;19591;interesting acquaintance;../fake-data/blob/hipster.txt;../fake-data/blob/hipster.txt;../fake-data/blob/hipster.txt;../fake-data/blob/hipster.txt
6;2025-10-25T01:41:28;true;440;19808;25603;intermesh worthy quarrel;merrily scarily;irresponsible outrank icebreaker;24070;17907;27769;6162;3827;22375;although;../fake-data/blob/hipster.txt;../fake-data/blob/hipster.txt;../fake-data/blob/hipster.txt;../fake-data/blob/hipster.txt
7;2025-10-25T01:07:53;true;3917;26012;22231;zowie;affiliate frenetically perfectly;toward a;1065;16468;26924;23678;23823;25158;convection when waterspout;../fake-data/blob/hipster.txt;../fake-data/blob/hipster.txt;../fake-data/blob/hipster.txt;../fake-data/blob/hipster.txt
8;2025-10-25T04:58:16;true;31667;15743;26767;glaring milky;but uh-huh;nor;10829;17979;17051;13940;2012;20675;pretend;../fake-data/blob/hipster.txt;../fake-data/blob/hipster.txt;../fake-data/blob/hipster.txt;../fake-data/blob/hipster.txt
9;2025-10-25T16:49:52;false;16050;6787;31381;meander;coop;gray from;4028;4591;29393;2349;7139;19663;ack lest;../fake-data/blob/hipster.txt;../fake-data/blob/hipster.txt;../fake-data/blob/hipster.txt;../fake-data/blob/hipster.txt
10;2025-10-25T09:35:22;false;13536;9639;6561;yahoo;an happily;e-mail annual snack;29921;4150;6640;20134;17165;23032;noteworthy cricket statue;../fake-data/blob/hipster.txt;../fake-data/blob/hipster.txt;../fake-data/blob/hipster.txt;../fake-data/blob/hipster.txt
